model_family,tokenizer_protocol,selection_rule,selected_config,val_AUROC,val_AUPRC,test_AUROC,test_AUPRC,test_Brier,test_ECE,run_count,seeds
M1_TFIDF,strict_atomic_train,validation-selected by val AUPRC,baseline full,0.9049631788395921,0.8001156119495404,0.8310075095086669,0.3663287211493858,0.16367812672345985,0.2050142465041861,3,"42,43,44"
M1_TFIDF,strict_atomic_train,oracle-best by test AUPRC,baseline full,0.9049631788395921,0.8001156119495404,0.8310075095086669,0.3663287211493858,0.16367812672345985,0.2050142465041861,3,"42,43,44"
M3_mean,strict_atomic_train,validation-selected by val AUPRC,mean_pooling full,0.906153070172164,0.8066716978571956,0.8440628702144904,0.46108767340198753,0.15966562985806224,0.14523581507779784,3,"42,43,44"
M3_mean,strict_atomic_train,oracle-best by test AUPRC,mean_pooling full,0.906153070172164,0.8066716978571956,0.8440628702144904,0.46108767340198753,0.15966562985806224,0.14523581507779784,3,"42,43,44"
M4_frozen,strict_atomic_train,validation-selected by val AUPRC,frozen_encoder full,0.8939587745692169,0.7917502791827697,0.8246147496051046,0.39805134031594563,0.16739031746873942,0.1649216522004948,3,"42,43,44"
M4_frozen,strict_atomic_train,oracle-best by test AUPRC,frozen_encoder 40k,0.8857624680505815,0.7758291394446636,0.8222272038803675,0.41665564122458476,0.16025365726116905,0.15195493921138467,3,"42,43,44"
